Entity,Land Area(Km2)
Afghanistan,652230.0
Afghanistan,652230.0
Afghanistan,652230.0
Afghanistan,652230.0
Afghanistan,652230.0
Afghanistan,652230.0
Afghanistan,652230.0
Afghanistan,652230.0
Afghanistan,652230.0
Afghanistan,652230.0
Afghanistan,652230.0
Afghanistan,652230.0
Afghanistan,652230.0
Afghanistan,652230.0
Afghanistan,652230.0
Afghanistan,652230.0
Afghanistan,652230.0
Afghanistan,652230.0
Afghanistan,652230.0
Afghanistan,652230.0
Afghanistan,652230.0
Albania,28748.0
Albania,28748.0
Albania,28748.0
Albania,28748.0
Albania,28748.0
Albania,28748.0
Albania,28748.0
Albania,28748.0
Albania,28748.0
Albania,28748.0
Albania,28748.0
Albania,28748.0
Albania,28748.0
Albania,28748.0
Albania,28748.0
Albania,28748.0
Albania,28748.0
Albania,28748.0
Albania,28748.0
Albania,28748.0
Albania,28748.0
Algeria,2381741.0
Algeria,2381741.0
Algeria,2381741.0
Algeria,2381741.0
Algeria,2381741.0
Algeria,2381741.0
Algeria,2381741.0
Algeria,2381741.0
Algeria,2381741.0
Algeria,2381741.0
Algeria,2381741.0
Algeria,2381741.0
Algeria,2381741.0
Algeria,2381741.0
Algeria,2381741.0
Algeria,2381741.0
Algeria,2381741.0
Algeria,2381741.0
Algeria,2381741.0
Algeria,2381741.0
Algeria,2381741.0
Angola,1246700.0
Angola,1246700.0
Angola,1246700.0
Angola,1246700.0
Angola,1246700.0
Angola,1246700.0
Angola,1246700.0
Angola,1246700.0
Angola,1246700.0
Angola,1246700.0
Angola,1246700.0
Angola,1246700.0
Angola,1246700.0
Angola,1246700.0
Angola,1246700.0
Angola,1246700.0
Angola,1246700.0
Angola,1246700.0
Angola,1246700.0
Angola,1246700.0
Angola,1246700.0
Antigua and Barbuda,443.0
Antigua and Barbuda,443.0
Antigua and Barbuda,443.0
Antigua and Barbuda,443.0
Antigua and Barbuda,443.0
Antigua and Barbuda,443.0
Antigua and Barbuda,443.0
Antigua and Barbuda,443.0
Antigua and Barbuda,443.0
Antigua and Barbuda,443.0
Antigua and Barbuda,443.0
Antigua and Barbuda,443.0
Antigua and Barbuda,443.0
Antigua and Barbuda,443.0
Antigua and Barbuda,443.0
Antigua and Barbuda,443.0
Antigua and Barbuda,443.0
Antigua and Barbuda,443.0
Antigua and Barbuda,443.0
Antigua and Barbuda,443.0
Antigua and Barbuda,443.0
Argentina,2780400.0
Argentina,2780400.0
Argentina,2780400.0
Argentina,2780400.0
Argentina,2780400.0
Argentina,2780400.0
Argentina,2780400.0
Argentina,2780400.0
Argentina,2780400.0
Argentina,2780400.0
Argentina,2780400.0
Argentina,2780400.0
Argentina,2780400.0
Argentina,2780400.0
Argentina,2780400.0
Argentina,2780400.0
Argentina,2780400.0
Argentina,2780400.0
Argentina,2780400.0
Argentina,2780400.0
Argentina,2780400.0
Armenia,29743.0
Armenia,29743.0
Armenia,29743.0
Armenia,29743.0
Armenia,29743.0
Armenia,29743.0
Armenia,29743.0
Armenia,29743.0
Armenia,29743.0
Armenia,29743.0
Armenia,29743.0
Armenia,29743.0
Armenia,29743.0
Armenia,29743.0
Armenia,29743.0
Armenia,29743.0
Armenia,29743.0
Armenia,29743.0
Armenia,29743.0
Armenia,29743.0
Armenia,29743.0
Aruba,179.0
Aruba,179.0
Aruba,179.0
Aruba,179.0
Aruba,179.0
Aruba,179.0
Aruba,179.0
Aruba,179.0
Aruba,179.0
Aruba,179.0
Aruba,179.0
Aruba,179.0
Aruba,179.0
Aruba,179.0
Aruba,179.0
Aruba,179.0
Aruba,179.0
Aruba,179.0
Aruba,179.0
Aruba,179.0
Aruba,179.0
Australia,7741220.0
Australia,7741220.0
Australia,7741220.0
Australia,7741220.0
Australia,7741220.0
Australia,7741220.0
Australia,7741220.0
Australia,7741220.0
Australia,7741220.0
Australia,7741220.0
Australia,7741220.0
Australia,7741220.0
Australia,7741220.0
Australia,7741220.0
Australia,7741220.0
Australia,7741220.0
Australia,7741220.0
Australia,7741220.0
Australia,7741220.0
Australia,7741220.0
Australia,7741220.0
Austria,83871.0
Austria,83871.0
Austria,83871.0
Austria,83871.0
Austria,83871.0
Austria,83871.0
Austria,83871.0
Austria,83871.0
Austria,83871.0
Austria,83871.0
Austria,83871.0
Austria,83871.0
Austria,83871.0
Austria,83871.0
Austria,83871.0
Austria,83871.0
Austria,83871.0
Austria,83871.0
Austria,83871.0
Austria,83871.0
Austria,83871.0
Azerbaijan,86600.0
Azerbaijan,86600.0
Azerbaijan,86600.0
Azerbaijan,86600.0
Azerbaijan,86600.0
Azerbaijan,86600.0
Azerbaijan,86600.0
Azerbaijan,86600.0
Azerbaijan,86600.0
Azerbaijan,86600.0
Azerbaijan,86600.0
Azerbaijan,86600.0
Azerbaijan,86600.0
Azerbaijan,86600.0
Azerbaijan,86600.0
Azerbaijan,86600.0
Azerbaijan,86600.0
Azerbaijan,86600.0
Azerbaijan,86600.0
Azerbaijan,86600.0
Azerbaijan,86600.0
Bahamas,13878.0
Bahamas,13878.0
Bahamas,13878.0
Bahamas,13878.0
Bahamas,13878.0
Bahamas,13878.0
Bahamas,13878.0
Bahamas,13878.0
Bahamas,13878.0
Bahamas,13878.0
Bahamas,13878.0
Bahamas,13878.0
Bahamas,13878.0
Bahamas,13878.0
Bahamas,13878.0
Bahamas,13878.0
Bahamas,13878.0
Bahamas,13878.0
Bahamas,13878.0
Bahamas,13878.0
Bahamas,13878.0
Bahrain,765.0
Bahrain,765.0
Bahrain,765.0
Bahrain,765.0
Bahrain,765.0
Bahrain,765.0
Bahrain,765.0
Bahrain,765.0
Bahrain,765.0
Bahrain,765.0
Bahrain,765.0
Bahrain,765.0
Bahrain,765.0
Bahrain,765.0
Bahrain,765.0
Bahrain,765.0
Bahrain,765.0
Bahrain,765.0
Bahrain,765.0
Bahrain,765.0
Bahrain,765.0
Bangladesh,148460.0
Bangladesh,148460.0
Bangladesh,148460.0
Bangladesh,148460.0
Bangladesh,148460.0
Bangladesh,148460.0
Bangladesh,148460.0
Bangladesh,148460.0
Bangladesh,148460.0
Bangladesh,148460.0
Bangladesh,148460.0
Bangladesh,148460.0
Bangladesh,148460.0
Bangladesh,148460.0
Bangladesh,148460.0
Bangladesh,148460.0
Bangladesh,148460.0
Bangladesh,148460.0
Bangladesh,148460.0
Bangladesh,148460.0
Bangladesh,148460.0
Barbados,430.0
Barbados,430.0
Barbados,430.0
Barbados,430.0
Barbados,430.0
Barbados,430.0
Barbados,430.0
Barbados,430.0
Barbados,430.0
Barbados,430.0
Barbados,430.0
Barbados,430.0
Barbados,430.0
Barbados,430.0
Barbados,430.0
Barbados,430.0
Barbados,430.0
Barbados,430.0
Barbados,430.0
Barbados,430.0
Barbados,430.0
Belarus,207600.0
Belarus,207600.0
Belarus,207600.0
Belarus,207600.0
Belarus,207600.0
Belarus,207600.0
Belarus,207600.0
Belarus,207600.0
Belarus,207600.0
Belarus,207600.0
Belarus,207600.0
Belarus,207600.0
Belarus,207600.0
Belarus,207600.0
Belarus,207600.0
Belarus,207600.0
Belarus,207600.0
Belarus,207600.0
Belarus,207600.0
Belarus,207600.0
Belarus,207600.0
Belgium,30528.0
Belgium,30528.0
Belgium,30528.0
Belgium,30528.0
Belgium,30528.0
Belgium,30528.0
Belgium,30528.0
Belgium,30528.0
Belgium,30528.0
Belgium,30528.0
Belgium,30528.0
Belgium,30528.0
Belgium,30528.0
Belgium,30528.0
Belgium,30528.0
Belgium,30528.0
Belgium,30528.0
Belgium,30528.0
Belgium,30528.0
Belgium,30528.0
Belgium,30528.0
Belize,22966.0
Belize,22966.0
Belize,22966.0
Belize,22966.0
Belize,22966.0
Belize,22966.0
Belize,22966.0
Belize,22966.0
Belize,22966.0
Belize,22966.0
Belize,22966.0
Belize,22966.0
Belize,22966.0
Belize,22966.0
Belize,22966.0
Belize,22966.0
Belize,22966.0
Belize,22966.0
Belize,22966.0
Belize,22966.0
Belize,22966.0
Benin,112622.0
Benin,112622.0
Benin,112622.0
Benin,112622.0
Benin,112622.0
Benin,112622.0
Benin,112622.0
Benin,112622.0
Benin,112622.0
Benin,112622.0
Benin,112622.0
Benin,112622.0
Benin,112622.0
Benin,112622.0
Benin,112622.0
Benin,112622.0
Benin,112622.0
Benin,112622.0
Benin,112622.0
Benin,112622.0
Benin,112622.0
Bermuda,54.0
Bermuda,54.0
Bermuda,54.0
Bermuda,54.0
Bermuda,54.0
Bermuda,54.0
Bermuda,54.0
Bermuda,54.0
Bermuda,54.0
Bermuda,54.0
Bermuda,54.0
Bermuda,54.0
Bermuda,54.0
Bermuda,54.0
Bermuda,54.0
Bermuda,54.0
Bermuda,54.0
Bermuda,54.0
Bermuda,54.0
Bermuda,54.0
Bermuda,54.0
Bhutan,38394.0
Bhutan,38394.0
Bhutan,38394.0
Bhutan,38394.0
Bhutan,38394.0
Bhutan,38394.0
Bhutan,38394.0
Bhutan,38394.0
Bhutan,38394.0
Bhutan,38394.0
Bhutan,38394.0
Bhutan,38394.0
Bhutan,38394.0
Bhutan,38394.0
Bhutan,38394.0
Bhutan,38394.0
Bhutan,38394.0
Bhutan,38394.0
Bhutan,38394.0
Bhutan,38394.0
Bhutan,38394.0
Bosnia and Herzegovina,51197.0
Bosnia and Herzegovina,51197.0
Bosnia and Herzegovina,51197.0
Bosnia and Herzegovina,51197.0
Bosnia and Herzegovina,51197.0
Bosnia and Herzegovina,51197.0
Bosnia and Herzegovina,51197.0
Bosnia and Herzegovina,51197.0
Bosnia and Herzegovina,51197.0
Bosnia and Herzegovina,51197.0
Bosnia and Herzegovina,51197.0
Bosnia and Herzegovina,51197.0
Bosnia and Herzegovina,51197.0
Bosnia and Herzegovina,51197.0
Bosnia and Herzegovina,51197.0
Bosnia and Herzegovina,51197.0
Bosnia and Herzegovina,51197.0
Bosnia and Herzegovina,51197.0
Bosnia and Herzegovina,51197.0
Bosnia and Herzegovina,51197.0
Bosnia and Herzegovina,51197.0
Botswana,581730.0
Botswana,581730.0
Botswana,581730.0
Botswana,581730.0
Botswana,581730.0
Botswana,581730.0
Botswana,581730.0
Botswana,581730.0
Botswana,581730.0
Botswana,581730.0
Botswana,581730.0
Botswana,581730.0
Botswana,581730.0
Botswana,581730.0
Botswana,581730.0
Botswana,581730.0
Botswana,581730.0
Botswana,581730.0
Botswana,581730.0
Botswana,581730.0
Botswana,581730.0
Brazil,8515770.0
Brazil,8515770.0
Brazil,8515770.0
Brazil,8515770.0
Brazil,8515770.0
Brazil,8515770.0
Brazil,8515770.0
Brazil,8515770.0
Brazil,8515770.0
Brazil,8515770.0
Brazil,8515770.0
Brazil,8515770.0
Brazil,8515770.0
Brazil,8515770.0
Brazil,8515770.0
Brazil,8515770.0
Brazil,8515770.0
Brazil,8515770.0
Brazil,8515770.0
Brazil,8515770.0
Brazil,8515770.0
Bulgaria,110879.0
Bulgaria,110879.0
Bulgaria,110879.0
Bulgaria,110879.0
Bulgaria,110879.0
Bulgaria,110879.0
Bulgaria,110879.0
Bulgaria,110879.0
Bulgaria,110879.0
Bulgaria,110879.0
Bulgaria,110879.0
Bulgaria,110879.0
Bulgaria,110879.0
Bulgaria,110879.0
Bulgaria,110879.0
Bulgaria,110879.0
Bulgaria,110879.0
Bulgaria,110879.0
Bulgaria,110879.0
Bulgaria,110879.0
Bulgaria,110879.0
Burkina Faso,274200.0
Burkina Faso,274200.0
Burkina Faso,274200.0
Burkina Faso,274200.0
Burkina Faso,274200.0
Burkina Faso,274200.0
Burkina Faso,274200.0
Burkina Faso,274200.0
Burkina Faso,274200.0
Burkina Faso,274200.0
Burkina Faso,274200.0
Burkina Faso,274200.0
Burkina Faso,274200.0
Burkina Faso,274200.0
Burkina Faso,274200.0
Burkina Faso,274200.0
Burkina Faso,274200.0
Burkina Faso,274200.0
Burkina Faso,274200.0
Burkina Faso,274200.0
Burkina Faso,274200.0
Burundi,27830.0
Burundi,27830.0
Burundi,27830.0
Burundi,27830.0
Burundi,27830.0
Burundi,27830.0
Burundi,27830.0
Burundi,27830.0
Burundi,27830.0
Burundi,27830.0
Burundi,27830.0
Burundi,27830.0
Burundi,27830.0
Burundi,27830.0
Burundi,27830.0
Burundi,27830.0
Burundi,27830.0
Burundi,27830.0
Burundi,27830.0
Burundi,27830.0
Burundi,27830.0
Cambodia,181035.0
Cambodia,181035.0
Cambodia,181035.0
Cambodia,181035.0
Cambodia,181035.0
Cambodia,181035.0
Cambodia,181035.0
Cambodia,181035.0
Cambodia,181035.0
Cambodia,181035.0
Cambodia,181035.0
Cambodia,181035.0
Cambodia,181035.0
Cambodia,181035.0
Cambodia,181035.0
Cambodia,181035.0
Cambodia,181035.0
Cambodia,181035.0
Cambodia,181035.0
Cambodia,181035.0
Cambodia,181035.0
Cameroon,475440.0
Cameroon,475440.0
Cameroon,475440.0
Cameroon,475440.0
Cameroon,475440.0
Cameroon,475440.0
Cameroon,475440.0
Cameroon,475440.0
Cameroon,475440.0
Cameroon,475440.0
Cameroon,475440.0
Cameroon,475440.0
Cameroon,475440.0
Cameroon,475440.0
Cameroon,475440.0
Cameroon,475440.0
Cameroon,475440.0
Cameroon,475440.0
Cameroon,475440.0
Cameroon,475440.0
Cameroon,475440.0
Canada,9984670.0
Canada,9984670.0
Canada,9984670.0
Canada,9984670.0
Canada,9984670.0
Canada,9984670.0
Canada,9984670.0
Canada,9984670.0
Canada,9984670.0
Canada,9984670.0
Canada,9984670.0
Canada,9984670.0
Canada,9984670.0
Canada,9984670.0
Canada,9984670.0
Canada,9984670.0
Canada,9984670.0
Canada,9984670.0
Canada,9984670.0
Canada,9984670.0
Canada,9984670.0
Cayman Islands,264.0
Cayman Islands,264.0
Cayman Islands,264.0
Cayman Islands,264.0
Cayman Islands,264.0
Cayman Islands,264.0
Cayman Islands,264.0
Cayman Islands,264.0
Cayman Islands,264.0
Cayman Islands,264.0
Cayman Islands,264.0
Cayman Islands,264.0
Cayman Islands,264.0
Cayman Islands,264.0
Cayman Islands,264.0
Cayman Islands,264.0
Cayman Islands,264.0
Cayman Islands,264.0
Cayman Islands,264.0
Cayman Islands,264.0
Cayman Islands,264.0
Central African Republic,622984.0
Central African Republic,622984.0
Central African Republic,622984.0
Central African Republic,622984.0
Central African Republic,622984.0
Central African Republic,622984.0
Central African Republic,622984.0
Central African Republic,622984.0
Central African Republic,622984.0
Central African Republic,622984.0
Central African Republic,622984.0
Central African Republic,622984.0
Central African Republic,622984.0
Central African Republic,622984.0
Central African Republic,622984.0
Central African Republic,622984.0
Central African Republic,622984.0
Central African Republic,622984.0
Central African Republic,622984.0
Central African Republic,622984.0
Central African Republic,622984.0
Chad,1284000.0
Chad,1284000.0
Chad,1284000.0
Chad,1284000.0
Chad,1284000.0
Chad,1284000.0
Chad,1284000.0
Chad,1284000.0
Chad,1284000.0
Chad,1284000.0
Chad,1284000.0
Chad,1284000.0
Chad,1284000.0
Chad,1284000.0
Chad,1284000.0
Chad,1284000.0
Chad,1284000.0
Chad,1284000.0
Chad,1284000.0
Chad,1284000.0
Chad,1284000.0
Chile,756096.0
Chile,756096.0
Chile,756096.0
Chile,756096.0
Chile,756096.0
Chile,756096.0
Chile,756096.0
Chile,756096.0
Chile,756096.0
Chile,756096.0
Chile,756096.0
Chile,756096.0
Chile,756096.0
Chile,756096.0
Chile,756096.0
Chile,756096.0
Chile,756096.0
Chile,756096.0
Chile,756096.0
Chile,756096.0
Chile,756096.0
China,9596960.0
China,9596960.0
China,9596960.0
China,9596960.0
China,9596960.0
China,9596960.0
China,9596960.0
China,9596960.0
China,9596960.0
China,9596960.0
China,9596960.0
China,9596960.0
China,9596960.0
China,9596960.0
China,9596960.0
China,9596960.0
China,9596960.0
China,9596960.0
China,9596960.0
China,9596960.0
China,9596960.0
Colombia,1138910.0
Colombia,1138910.0
Colombia,1138910.0
Colombia,1138910.0
Colombia,1138910.0
Colombia,1138910.0
Colombia,1138910.0
Colombia,1138910.0
Colombia,1138910.0
Colombia,1138910.0
Colombia,1138910.0
Colombia,1138910.0
Colombia,1138910.0
Colombia,1138910.0
Colombia,1138910.0
Colombia,1138910.0
Colombia,1138910.0
Colombia,1138910.0
Colombia,1138910.0
Colombia,1138910.0
Colombia,1138910.0
Comoros,2235.0
Comoros,2235.0
Comoros,2235.0
Comoros,2235.0
Comoros,2235.0
Comoros,2235.0
Comoros,2235.0
Comoros,2235.0
Comoros,2235.0
Comoros,2235.0
Comoros,2235.0
Comoros,2235.0
Comoros,2235.0
Comoros,2235.0
Comoros,2235.0
Comoros,2235.0
Comoros,2235.0
Comoros,2235.0
Comoros,2235.0
Comoros,2235.0
Comoros,2235.0
Congo,2345409.0
Congo,2345409.0
Congo,2345409.0
Congo,2345409.0
Congo,2345409.0
Congo,2345409.0
Congo,2345409.0
Congo,2345409.0
Congo,2345409.0
Congo,2345409.0
Congo,2345409.0
Congo,2345409.0
Congo,2345409.0
Congo,2345409.0
Congo,2345409.0
Congo,2345409.0
Congo,2345409.0
Congo,2345409.0
Congo,2345409.0
Congo,2345409.0
Congo,2345409.0
Costa Rica,51100.0
Costa Rica,51100.0
Costa Rica,51100.0
Costa Rica,51100.0
Costa Rica,51100.0
Costa Rica,51100.0
Costa Rica,51100.0
Costa Rica,51100.0
Costa Rica,51100.0
Costa Rica,51100.0
Costa Rica,51100.0
Costa Rica,51100.0
Costa Rica,51100.0
Costa Rica,51100.0
Costa Rica,51100.0
Costa Rica,51100.0
Costa Rica,51100.0
Costa Rica,51100.0
Costa Rica,51100.0
Costa Rica,51100.0
Costa Rica,51100.0
Croatia,56594.0
Croatia,56594.0
Croatia,56594.0
Croatia,56594.0
Croatia,56594.0
Croatia,56594.0
Croatia,56594.0
Croatia,56594.0
Croatia,56594.0
Croatia,56594.0
Croatia,56594.0
Croatia,56594.0
Croatia,56594.0
Croatia,56594.0
Croatia,56594.0
Croatia,56594.0
Croatia,56594.0
Croatia,56594.0
Croatia,56594.0
Croatia,56594.0
Croatia,56594.0
Cuba,110860.0
Cuba,110860.0
Cuba,110860.0
Cuba,110860.0
Cuba,110860.0
Cuba,110860.0
Cuba,110860.0
Cuba,110860.0
Cuba,110860.0
Cuba,110860.0
Cuba,110860.0
Cuba,110860.0
Cuba,110860.0
Cuba,110860.0
Cuba,110860.0
Cuba,110860.0
Cuba,110860.0
Cuba,110860.0
Cuba,110860.0
Cuba,110860.0
Cuba,110860.0
Cyprus,9251.0
Cyprus,9251.0
Cyprus,9251.0
Cyprus,9251.0
Cyprus,9251.0
Cyprus,9251.0
Cyprus,9251.0
Cyprus,9251.0
Cyprus,9251.0
Cyprus,9251.0
Cyprus,9251.0
Cyprus,9251.0
Cyprus,9251.0
Cyprus,9251.0
Cyprus,9251.0
Cyprus,9251.0
Cyprus,9251.0
Cyprus,9251.0
Cyprus,9251.0
Cyprus,9251.0
Cyprus,9251.0
Czechia,78871.0
Czechia,78871.0
Czechia,78871.0
Czechia,78871.0
Czechia,78871.0
Czechia,78871.0
Czechia,78871.0
Czechia,78871.0
Czechia,78871.0
Czechia,78871.0
Czechia,78871.0
Czechia,78871.0
Czechia,78871.0
Czechia,78871.0
Czechia,78871.0
Czechia,78871.0
Czechia,78871.0
Czechia,78871.0
Czechia,78871.0
Czechia,78871.0
Czechia,78871.0
Denmark,43094.0
Denmark,43094.0
Denmark,43094.0
Denmark,43094.0
Denmark,43094.0
Denmark,43094.0
Denmark,43094.0
Denmark,43094.0
Denmark,43094.0
Denmark,43094.0
Denmark,43094.0
Denmark,43094.0
Denmark,43094.0
Denmark,43094.0
Denmark,43094.0
Denmark,43094.0
Denmark,43094.0
Denmark,43094.0
Denmark,43094.0
Denmark,43094.0
Denmark,43094.0
Djibouti,23200.0
Djibouti,23200.0
Djibouti,23200.0
Djibouti,23200.0
Djibouti,23200.0
Djibouti,23200.0
Djibouti,23200.0
Djibouti,23200.0
Djibouti,23200.0
Djibouti,23200.0
Djibouti,23200.0
Djibouti,23200.0
Djibouti,23200.0
Djibouti,23200.0
Djibouti,23200.0
Djibouti,23200.0
Djibouti,23200.0
Djibouti,23200.0
Djibouti,23200.0
Djibouti,23200.0
Djibouti,23200.0
Dominica,751.0
Dominica,751.0
Dominica,751.0
Dominica,751.0
Dominica,751.0
Dominica,751.0
Dominica,751.0
Dominica,751.0
Dominica,751.0
Dominica,751.0
Dominica,751.0
Dominica,751.0
Dominica,751.0
Dominica,751.0
Dominica,751.0
Dominica,751.0
Dominica,751.0
Dominica,751.0
Dominica,751.0
Dominica,751.0
Dominica,751.0
Dominican Republic,48670.0
Dominican Republic,48670.0
Dominican Republic,48670.0
Dominican Republic,48670.0
Dominican Republic,48670.0
Dominican Republic,48670.0
Dominican Republic,48670.0
Dominican Republic,48670.0
Dominican Republic,48670.0
Dominican Republic,48670.0
Dominican Republic,48670.0
Dominican Republic,48670.0
Dominican Republic,48670.0
Dominican Republic,48670.0
Dominican Republic,48670.0
Dominican Republic,48670.0
Dominican Republic,48670.0
Dominican Republic,48670.0
Dominican Republic,48670.0
Dominican Republic,48670.0
Dominican Republic,48670.0
Ecuador,283561.0
Ecuador,283561.0
Ecuador,283561.0
Ecuador,283561.0
Ecuador,283561.0
Ecuador,283561.0
Ecuador,283561.0
Ecuador,283561.0
Ecuador,283561.0
Ecuador,283561.0
Ecuador,283561.0
Ecuador,283561.0
Ecuador,283561.0
Ecuador,283561.0
Ecuador,283561.0
Ecuador,283561.0
Ecuador,283561.0
Ecuador,283561.0
Ecuador,283561.0
Ecuador,283561.0
Ecuador,283561.0
Egypt,1001450.0
Egypt,1001450.0
Egypt,1001450.0
Egypt,1001450.0
Egypt,1001450.0
Egypt,1001450.0
Egypt,1001450.0
Egypt,1001450.0
Egypt,1001450.0
Egypt,1001450.0
Egypt,1001450.0
Egypt,1001450.0
Egypt,1001450.0
Egypt,1001450.0
Egypt,1001450.0
Egypt,1001450.0
Egypt,1001450.0
Egypt,1001450.0
Egypt,1001450.0
Egypt,1001450.0
Egypt,1001450.0
El Salvador,21041.0
El Salvador,21041.0
El Salvador,21041.0
El Salvador,21041.0
El Salvador,21041.0
El Salvador,21041.0
El Salvador,21041.0
El Salvador,21041.0
El Salvador,21041.0
El Salvador,21041.0
El Salvador,21041.0
El Salvador,21041.0
El Salvador,21041.0
El Salvador,21041.0
El Salvador,21041.0
El Salvador,21041.0
El Salvador,21041.0
El Salvador,21041.0
El Salvador,21041.0
El Salvador,21041.0
El Salvador,21041.0
Equatorial Guinea,28051.0
Equatorial Guinea,28051.0
Equatorial Guinea,28051.0
Equatorial Guinea,28051.0
Equatorial Guinea,28051.0
Equatorial Guinea,28051.0
Equatorial Guinea,28051.0
Equatorial Guinea,28051.0
Equatorial Guinea,28051.0
Equatorial Guinea,28051.0
Equatorial Guinea,28051.0
Equatorial Guinea,28051.0
Equatorial Guinea,28051.0
Equatorial Guinea,28051.0
Equatorial Guinea,28051.0
Equatorial Guinea,28051.0
Equatorial Guinea,28051.0
Equatorial Guinea,28051.0
Equatorial Guinea,28051.0
Equatorial Guinea,28051.0
Equatorial Guinea,28051.0
Eritrea,117600.0
Eritrea,117600.0
Eritrea,117600.0
Eritrea,117600.0
Eritrea,117600.0
Eritrea,117600.0
Eritrea,117600.0
Eritrea,117600.0
Eritrea,117600.0
Eritrea,117600.0
Eritrea,117600.0
Eritrea,117600.0
Eritrea,117600.0
Eritrea,117600.0
Eritrea,117600.0
Eritrea,117600.0
Eritrea,117600.0
Eritrea,117600.0
Eritrea,117600.0
Eritrea,117600.0
Eritrea,117600.0
Estonia,45228.0
Estonia,45228.0
Estonia,45228.0
Estonia,45228.0
Estonia,45228.0
Estonia,45228.0
Estonia,45228.0
Estonia,45228.0
Estonia,45228.0
Estonia,45228.0
Estonia,45228.0
Estonia,45228.0
Estonia,45228.0
Estonia,45228.0
Estonia,45228.0
Estonia,45228.0
Estonia,45228.0
Estonia,45228.0
Estonia,45228.0
Estonia,45228.0
Estonia,45228.0
Eswatini,17364.0
Eswatini,17364.0
Eswatini,17364.0
Eswatini,17364.0
Eswatini,17364.0
Eswatini,17364.0
Eswatini,17364.0
Eswatini,17364.0
Eswatini,17364.0
Eswatini,17364.0
Eswatini,17364.0
Eswatini,17364.0
Eswatini,17364.0
Eswatini,17364.0
Eswatini,17364.0
Eswatini,17364.0
Eswatini,17364.0
Eswatini,17364.0
Eswatini,17364.0
Eswatini,17364.0
Eswatini,17364.0
Ethiopia,1104300.0
Ethiopia,1104300.0
Ethiopia,1104300.0
Ethiopia,1104300.0
Ethiopia,1104300.0
Ethiopia,1104300.0
Ethiopia,1104300.0
Ethiopia,1104300.0
Ethiopia,1104300.0
Ethiopia,1104300.0
Ethiopia,1104300.0
Ethiopia,1104300.0
Ethiopia,1104300.0
Ethiopia,1104300.0
Ethiopia,1104300.0
Ethiopia,1104300.0
Ethiopia,1104300.0
Ethiopia,1104300.0
Ethiopia,1104300.0
Ethiopia,1104300.0
Ethiopia,1104300.0
Fiji,18274.0
Fiji,18274.0
Fiji,18274.0
Fiji,18274.0
Fiji,18274.0
Fiji,18274.0
Fiji,18274.0
Fiji,18274.0
Fiji,18274.0
Fiji,18274.0
Fiji,18274.0
Fiji,18274.0
Fiji,18274.0
Fiji,18274.0
Fiji,18274.0
Fiji,18274.0
Fiji,18274.0
Fiji,18274.0
Fiji,18274.0
Fiji,18274.0
Fiji,18274.0
Finland,338145.0
Finland,338145.0
Finland,338145.0
Finland,338145.0
Finland,338145.0
Finland,338145.0
Finland,338145.0
Finland,338145.0
Finland,338145.0
Finland,338145.0
Finland,338145.0
Finland,338145.0
Finland,338145.0
Finland,338145.0
Finland,338145.0
Finland,338145.0
Finland,338145.0
Finland,338145.0
Finland,338145.0
Finland,338145.0
Finland,338145.0
France,643801.0
France,643801.0
France,643801.0
France,643801.0
France,643801.0
France,643801.0
France,643801.0
France,643801.0
France,643801.0
France,643801.0
France,643801.0
France,643801.0
France,643801.0
France,643801.0
France,643801.0
France,643801.0
France,643801.0
France,643801.0
France,643801.0
France,643801.0
France,643801.0
French Guiana,
Gabon,267667.0
Gabon,267667.0
Gabon,267667.0
Gabon,267667.0
Gabon,267667.0
Gabon,267667.0
Gabon,267667.0
Gabon,267667.0
Gabon,267667.0
Gabon,267667.0
Gabon,267667.0
Gabon,267667.0
Gabon,267667.0
Gabon,267667.0
Gabon,267667.0
Gabon,267667.0
Gabon,267667.0
Gabon,267667.0
Gabon,267667.0
Gabon,267667.0
Gabon,267667.0
Gambia,11300.0
Gambia,11300.0
Gambia,11300.0
Gambia,11300.0
Gambia,11300.0
Gambia,11300.0
Gambia,11300.0
Gambia,11300.0
Gambia,11300.0
Gambia,11300.0
Gambia,11300.0
Gambia,11300.0
Gambia,11300.0
Gambia,11300.0
Gambia,11300.0
Gambia,11300.0
Gambia,11300.0
Gambia,11300.0
Gambia,11300.0
Gambia,11300.0
Gambia,11300.0
Georgia,69700.0
Georgia,69700.0
Georgia,69700.0
Georgia,69700.0
Georgia,69700.0
Georgia,69700.0
Georgia,69700.0
Georgia,69700.0
Georgia,69700.0
Georgia,69700.0
Georgia,69700.0
Georgia,69700.0
Georgia,69700.0
Georgia,69700.0
Georgia,69700.0
Georgia,69700.0
Georgia,69700.0
Georgia,69700.0
Georgia,69700.0
Georgia,69700.0
Georgia,69700.0
Germany,357022.0
Germany,357022.0
Germany,357022.0
Germany,357022.0
Germany,357022.0
Germany,357022.0
Germany,357022.0
Germany,357022.0
Germany,357022.0
Germany,357022.0
Germany,357022.0
Germany,357022.0
Germany,357022.0
Germany,357022.0
Germany,357022.0
Germany,357022.0
Germany,357022.0
Germany,357022.0
Germany,357022.0
Germany,357022.0
Germany,357022.0
Ghana,238533.0
Ghana,238533.0
Ghana,238533.0
Ghana,238533.0
Ghana,238533.0
Ghana,238533.0
Ghana,238533.0
Ghana,238533.0
Ghana,238533.0
Ghana,238533.0
Ghana,238533.0
Ghana,238533.0
Ghana,238533.0
Ghana,238533.0
Ghana,238533.0
Ghana,238533.0
Ghana,238533.0
Ghana,238533.0
Ghana,238533.0
Ghana,238533.0
Ghana,238533.0
Greece,131957.0
Greece,131957.0
Greece,131957.0
Greece,131957.0
Greece,131957.0
Greece,131957.0
Greece,131957.0
Greece,131957.0
Greece,131957.0
Greece,131957.0
Greece,131957.0
Greece,131957.0
Greece,131957.0
Greece,131957.0
Greece,131957.0
Greece,131957.0
Greece,131957.0
Greece,131957.0
Greece,131957.0
Greece,131957.0
Greece,131957.0
Grenada,349.0
Grenada,349.0
Grenada,349.0
Grenada,349.0
Grenada,349.0
Grenada,349.0
Grenada,349.0
Grenada,349.0
Grenada,349.0
Grenada,349.0
Grenada,349.0
Grenada,349.0
Grenada,349.0
Grenada,349.0
Grenada,349.0
Grenada,349.0
Grenada,349.0
Grenada,349.0
Grenada,349.0
Grenada,349.0
Grenada,349.0
Guatemala,108889.0
Guatemala,108889.0
Guatemala,108889.0
Guatemala,108889.0
Guatemala,108889.0
Guatemala,108889.0
Guatemala,108889.0
Guatemala,108889.0
Guatemala,108889.0
Guatemala,108889.0
Guatemala,108889.0
Guatemala,108889.0
Guatemala,108889.0
Guatemala,108889.0
Guatemala,108889.0
Guatemala,108889.0
Guatemala,108889.0
Guatemala,108889.0
Guatemala,108889.0
Guatemala,108889.0
Guatemala,108889.0
Guinea,245857.0
Guinea,245857.0
Guinea,245857.0
Guinea,245857.0
Guinea,245857.0
Guinea,245857.0
Guinea,245857.0
Guinea,245857.0
Guinea,245857.0
Guinea,245857.0
Guinea,245857.0
Guinea,245857.0
Guinea,245857.0
Guinea,245857.0
Guinea,245857.0
Guinea,245857.0
Guinea,245857.0
Guinea,245857.0
Guinea,245857.0
Guinea,245857.0
Guinea,245857.0
Guinea-Bissau,36125.0
Guinea-Bissau,36125.0
Guinea-Bissau,36125.0
Guinea-Bissau,36125.0
Guinea-Bissau,36125.0
Guinea-Bissau,36125.0
Guinea-Bissau,36125.0
Guinea-Bissau,36125.0
Guinea-Bissau,36125.0
Guinea-Bissau,36125.0
Guinea-Bissau,36125.0
Guinea-Bissau,36125.0
Guinea-Bissau,36125.0
Guinea-Bissau,36125.0
Guinea-Bissau,36125.0
Guinea-Bissau,36125.0
Guinea-Bissau,36125.0
Guinea-Bissau,36125.0
Guinea-Bissau,36125.0
Guinea-Bissau,36125.0
Guinea-Bissau,36125.0
Guyana,214969.0
Guyana,214969.0
Guyana,214969.0
Guyana,214969.0
Guyana,214969.0
Guyana,214969.0
Guyana,214969.0
Guyana,214969.0
Guyana,214969.0
Guyana,214969.0
Guyana,214969.0
Guyana,214969.0
Guyana,214969.0
Guyana,214969.0
Guyana,214969.0
Guyana,214969.0
Guyana,214969.0
Guyana,214969.0
Guyana,214969.0
Guyana,214969.0
Guyana,214969.0
Haiti,27750.0
Haiti,27750.0
Haiti,27750.0
Haiti,27750.0
Haiti,27750.0
Haiti,27750.0
Haiti,27750.0
Haiti,27750.0
Haiti,27750.0
Haiti,27750.0
Haiti,27750.0
Haiti,27750.0
Haiti,27750.0
Haiti,27750.0
Haiti,27750.0
Haiti,27750.0
Haiti,27750.0
Haiti,27750.0
Haiti,27750.0
Haiti,27750.0
Haiti,27750.0
Honduras,112090.0
Honduras,112090.0
Honduras,112090.0
Honduras,112090.0
Honduras,112090.0
Honduras,112090.0
Honduras,112090.0
Honduras,112090.0
Honduras,112090.0
Honduras,112090.0
Honduras,112090.0
Honduras,112090.0
Honduras,112090.0
Honduras,112090.0
Honduras,112090.0
Honduras,112090.0
Honduras,112090.0
Honduras,112090.0
Honduras,112090.0
Honduras,112090.0
Honduras,112090.0
Hungary,93028.0
Hungary,93028.0
Hungary,93028.0
Hungary,93028.0
Hungary,93028.0
Hungary,93028.0
Hungary,93028.0
Hungary,93028.0
Hungary,93028.0
Hungary,93028.0
Hungary,93028.0
Hungary,93028.0
Hungary,93028.0
Hungary,93028.0
Hungary,93028.0
Hungary,93028.0
Hungary,93028.0
Hungary,93028.0
Hungary,93028.0
Hungary,93028.0
Hungary,93028.0
Iceland,103000.0
Iceland,103000.0
Iceland,103000.0
Iceland,103000.0
Iceland,103000.0
Iceland,103000.0
Iceland,103000.0
Iceland,103000.0
Iceland,103000.0
Iceland,103000.0
Iceland,103000.0
Iceland,103000.0
Iceland,103000.0
Iceland,103000.0
Iceland,103000.0
Iceland,103000.0
Iceland,103000.0
Iceland,103000.0
Iceland,103000.0
Iceland,103000.0
Iceland,103000.0
India,3287263.0
India,3287263.0
India,3287263.0
India,3287263.0
India,3287263.0
India,3287263.0
India,3287263.0
India,3287263.0
India,3287263.0
India,3287263.0
India,3287263.0
India,3287263.0
India,3287263.0
India,3287263.0
India,3287263.0
India,3287263.0
India,3287263.0
India,3287263.0
India,3287263.0
India,3287263.0
India,3287263.0
Indonesia,1904569.0
Indonesia,1904569.0
Indonesia,1904569.0
Indonesia,1904569.0
Indonesia,1904569.0
Indonesia,1904569.0
Indonesia,1904569.0
Indonesia,1904569.0
Indonesia,1904569.0
Indonesia,1904569.0
Indonesia,1904569.0
Indonesia,1904569.0
Indonesia,1904569.0
Indonesia,1904569.0
Indonesia,1904569.0
Indonesia,1904569.0
Indonesia,1904569.0
Indonesia,1904569.0
Indonesia,1904569.0
Indonesia,1904569.0
Indonesia,1904569.0
Iraq,438317.0
Iraq,438317.0
Iraq,438317.0
Iraq,438317.0
Iraq,438317.0
Iraq,438317.0
Iraq,438317.0
Iraq,438317.0
Iraq,438317.0
Iraq,438317.0
Iraq,438317.0
Iraq,438317.0
Iraq,438317.0
Iraq,438317.0
Iraq,438317.0
Iraq,438317.0
Iraq,438317.0
Iraq,438317.0
Iraq,438317.0
Iraq,438317.0
Iraq,438317.0
Ireland,84421.0
Ireland,84421.0
Ireland,84421.0
Ireland,84421.0
Ireland,84421.0
Ireland,84421.0
Ireland,84421.0
Ireland,84421.0
Ireland,84421.0
Ireland,84421.0
Ireland,84421.0
Ireland,84421.0
Ireland,84421.0
Ireland,84421.0
Ireland,84421.0
Ireland,84421.0
Ireland,84421.0
Ireland,84421.0
Ireland,84421.0
Ireland,84421.0
Ireland,84421.0
Israel,20770.0
Israel,20770.0
Israel,20770.0
Israel,20770.0
Israel,20770.0
Israel,20770.0
Israel,20770.0
Israel,20770.0
Israel,20770.0
Israel,20770.0
Israel,20770.0
Israel,20770.0
Israel,20770.0
Israel,20770.0
Israel,20770.0
Israel,20770.0
Israel,20770.0
Israel,20770.0
Israel,20770.0
Israel,20770.0
Israel,20770.0
Italy,301340.0
Italy,301340.0
Italy,301340.0
Italy,301340.0
Italy,301340.0
Italy,301340.0
Italy,301340.0
Italy,301340.0
Italy,301340.0
Italy,301340.0
Italy,301340.0
Italy,301340.0
Italy,301340.0
Italy,301340.0
Italy,301340.0
Italy,301340.0
Italy,301340.0
Italy,301340.0
Italy,301340.0
Italy,301340.0
Italy,301340.0
Jamaica,10991.0
Jamaica,10991.0
Jamaica,10991.0
Jamaica,10991.0
Jamaica,10991.0
Jamaica,10991.0
Jamaica,10991.0
Jamaica,10991.0
Jamaica,10991.0
Jamaica,10991.0
Jamaica,10991.0
Jamaica,10991.0
Jamaica,10991.0
Jamaica,10991.0
Jamaica,10991.0
Jamaica,10991.0
Jamaica,10991.0
Jamaica,10991.0
Jamaica,10991.0
Jamaica,10991.0
Jamaica,10991.0
Japan,377944.0
Japan,377944.0
Japan,377944.0
Japan,377944.0
Japan,377944.0
Japan,377944.0
Japan,377944.0
Japan,377944.0
Japan,377944.0
Japan,377944.0
Japan,377944.0
Japan,377944.0
Japan,377944.0
Japan,377944.0
Japan,377944.0
Japan,377944.0
Japan,377944.0
Japan,377944.0
Japan,377944.0
Japan,377944.0
Japan,377944.0
Jordan,89342.0
Jordan,89342.0
Jordan,89342.0
Jordan,89342.0
Jordan,89342.0
Jordan,89342.0
Jordan,89342.0
Jordan,89342.0
Jordan,89342.0
Jordan,89342.0
Jordan,89342.0
Jordan,89342.0
Jordan,89342.0
Jordan,89342.0
Jordan,89342.0
Jordan,89342.0
Jordan,89342.0
Jordan,89342.0
Jordan,89342.0
Jordan,89342.0
Jordan,89342.0
Kazakhstan,2724900.0
Kazakhstan,2724900.0
Kazakhstan,2724900.0
Kazakhstan,2724900.0
Kazakhstan,2724900.0
Kazakhstan,2724900.0
Kazakhstan,2724900.0
Kazakhstan,2724900.0
Kazakhstan,2724900.0
Kazakhstan,2724900.0
Kazakhstan,2724900.0
Kazakhstan,2724900.0
Kazakhstan,2724900.0
Kazakhstan,2724900.0
Kazakhstan,2724900.0
Kazakhstan,2724900.0
Kazakhstan,2724900.0
Kazakhstan,2724900.0
Kazakhstan,2724900.0
Kazakhstan,2724900.0
Kazakhstan,2724900.0
Kenya,580367.0
Kenya,580367.0
Kenya,580367.0
Kenya,580367.0
Kenya,580367.0
Kenya,580367.0
Kenya,580367.0
Kenya,580367.0
Kenya,580367.0
Kenya,580367.0
Kenya,580367.0
Kenya,580367.0
Kenya,580367.0
Kenya,580367.0
Kenya,580367.0
Kenya,580367.0
Kenya,580367.0
Kenya,580367.0
Kenya,580367.0
Kenya,580367.0
Kenya,580367.0
Kiribati,811.0
Kiribati,811.0
Kiribati,811.0
Kiribati,811.0
Kiribati,811.0
Kiribati,811.0
Kiribati,811.0
Kiribati,811.0
Kiribati,811.0
Kiribati,811.0
Kiribati,811.0
Kiribati,811.0
Kiribati,811.0
Kiribati,811.0
Kiribati,811.0
Kiribati,811.0
Kiribati,811.0
Kiribati,811.0
Kiribati,811.0
Kiribati,811.0
Kiribati,811.0
Kuwait,17818.0
Kuwait,17818.0
Kuwait,17818.0
Kuwait,17818.0
Kuwait,17818.0
Kuwait,17818.0
Kuwait,17818.0
Kuwait,17818.0
Kuwait,17818.0
Kuwait,17818.0
Kuwait,17818.0
Kuwait,17818.0
Kuwait,17818.0
Kuwait,17818.0
Kuwait,17818.0
Kuwait,17818.0
Kuwait,17818.0
Kuwait,17818.0
Kuwait,17818.0
Kuwait,17818.0
Kuwait,17818.0
Kyrgyzstan,199951.0
Kyrgyzstan,199951.0
Kyrgyzstan,199951.0
Kyrgyzstan,199951.0
Kyrgyzstan,199951.0
Kyrgyzstan,199951.0
Kyrgyzstan,199951.0
Kyrgyzstan,199951.0
Kyrgyzstan,199951.0
Kyrgyzstan,199951.0
Kyrgyzstan,199951.0
Kyrgyzstan,199951.0
Kyrgyzstan,199951.0
Kyrgyzstan,199951.0
Kyrgyzstan,199951.0
Kyrgyzstan,199951.0
Kyrgyzstan,199951.0
Kyrgyzstan,199951.0
Kyrgyzstan,199951.0
Kyrgyzstan,199951.0
Kyrgyzstan,199951.0
Latvia,64589.0
Latvia,64589.0
Latvia,64589.0
Latvia,64589.0
Latvia,64589.0
Latvia,64589.0
Latvia,64589.0
Latvia,64589.0
Latvia,64589.0
Latvia,64589.0
Latvia,64589.0
Latvia,64589.0
Latvia,64589.0
Latvia,64589.0
Latvia,64589.0
Latvia,64589.0
Latvia,64589.0
Latvia,64589.0
Latvia,64589.0
Latvia,64589.0
Latvia,64589.0
Lebanon,10400.0
Lebanon,10400.0
Lebanon,10400.0
Lebanon,10400.0
Lebanon,10400.0
Lebanon,10400.0
Lebanon,10400.0
Lebanon,10400.0
Lebanon,10400.0
Lebanon,10400.0
Lebanon,10400.0
Lebanon,10400.0
Lebanon,10400.0
Lebanon,10400.0
Lebanon,10400.0
Lebanon,10400.0
Lebanon,10400.0
Lebanon,10400.0
Lebanon,10400.0
Lebanon,10400.0
Lebanon,10400.0
Lesotho,30355.0
Lesotho,30355.0
Lesotho,30355.0
Lesotho,30355.0
Lesotho,30355.0
Lesotho,30355.0
Lesotho,30355.0
Lesotho,30355.0
Lesotho,30355.0
Lesotho,30355.0
Lesotho,30355.0
Lesotho,30355.0
Lesotho,30355.0
Lesotho,30355.0
Lesotho,30355.0
Lesotho,30355.0
Lesotho,30355.0
Lesotho,30355.0
Lesotho,30355.0
Lesotho,30355.0
Lesotho,30355.0
Liberia,111369.0
Liberia,111369.0
Liberia,111369.0
Liberia,111369.0
Liberia,111369.0
Liberia,111369.0
Liberia,111369.0
Liberia,111369.0
Liberia,111369.0
Liberia,111369.0
Liberia,111369.0
Liberia,111369.0
Liberia,111369.0
Liberia,111369.0
Liberia,111369.0
Liberia,111369.0
Liberia,111369.0
Liberia,111369.0
Liberia,111369.0
Liberia,111369.0
Liberia,111369.0
Libya,1759540.0
Libya,1759540.0
Libya,1759540.0
Libya,1759540.0
Libya,1759540.0
Libya,1759540.0
Libya,1759540.0
Libya,1759540.0
Libya,1759540.0
Libya,1759540.0
Libya,1759540.0
Libya,1759540.0
Libya,1759540.0
Libya,1759540.0
Libya,1759540.0
Libya,1759540.0
Libya,1759540.0
Libya,1759540.0
Libya,1759540.0
Libya,1759540.0
Libya,1759540.0
Lithuania,65300.0
Lithuania,65300.0
Lithuania,65300.0
Lithuania,65300.0
Lithuania,65300.0
Lithuania,65300.0
Lithuania,65300.0
Lithuania,65300.0
Lithuania,65300.0
Lithuania,65300.0
Lithuania,65300.0
Lithuania,65300.0
Lithuania,65300.0
Lithuania,65300.0
Lithuania,65300.0
Lithuania,65300.0
Lithuania,65300.0
Lithuania,65300.0
Lithuania,65300.0
Lithuania,65300.0
Lithuania,65300.0
Luxembourg,2586.0
Luxembourg,2586.0
Luxembourg,2586.0
Luxembourg,2586.0
Luxembourg,2586.0
Luxembourg,2586.0
Luxembourg,2586.0
Luxembourg,2586.0
Luxembourg,2586.0
Luxembourg,2586.0
Luxembourg,2586.0
Luxembourg,2586.0
Luxembourg,2586.0
Luxembourg,2586.0
Luxembourg,2586.0
Luxembourg,2586.0
Luxembourg,2586.0
Luxembourg,2586.0
Luxembourg,2586.0
Luxembourg,2586.0
Luxembourg,2586.0
Madagascar,587041.0
Madagascar,587041.0
Madagascar,587041.0
Madagascar,587041.0
Madagascar,587041.0
Madagascar,587041.0
Madagascar,587041.0
Madagascar,587041.0
Madagascar,587041.0
Madagascar,587041.0
Madagascar,587041.0
Madagascar,587041.0
Madagascar,587041.0
Madagascar,587041.0
Madagascar,587041.0
Madagascar,587041.0
Madagascar,587041.0
Madagascar,587041.0
Madagascar,587041.0
Madagascar,587041.0
Madagascar,587041.0
Malawi,118484.0
Malawi,118484.0
Malawi,118484.0
Malawi,118484.0
Malawi,118484.0
Malawi,118484.0
Malawi,118484.0
Malawi,118484.0
Malawi,118484.0
Malawi,118484.0
Malawi,118484.0
Malawi,118484.0
Malawi,118484.0
Malawi,118484.0
Malawi,118484.0
Malawi,118484.0
Malawi,118484.0
Malawi,118484.0
Malawi,118484.0
Malawi,118484.0
Malawi,118484.0
Malaysia,329847.0
Malaysia,329847.0
Malaysia,329847.0
Malaysia,329847.0
Malaysia,329847.0
Malaysia,329847.0
Malaysia,329847.0
Malaysia,329847.0
Malaysia,329847.0
Malaysia,329847.0
Malaysia,329847.0
Malaysia,329847.0
Malaysia,329847.0
Malaysia,329847.0
Malaysia,329847.0
Malaysia,329847.0
Malaysia,329847.0
Malaysia,329847.0
Malaysia,329847.0
Malaysia,329847.0
Malaysia,329847.0
Maldives,298.0
Maldives,298.0
Maldives,298.0
Maldives,298.0
Maldives,298.0
Maldives,298.0
Maldives,298.0
Maldives,298.0
Maldives,298.0
Maldives,298.0
Maldives,298.0
Maldives,298.0
Maldives,298.0
Maldives,298.0
Maldives,298.0
Maldives,298.0
Maldives,298.0
Maldives,298.0
Maldives,298.0
Maldives,298.0
Maldives,298.0
Mali,1240192.0
Mali,1240192.0
Mali,1240192.0
Mali,1240192.0
Mali,1240192.0
Mali,1240192.0
Mali,1240192.0
Mali,1240192.0
Mali,1240192.0
Mali,1240192.0
Mali,1240192.0
Mali,1240192.0
Mali,1240192.0
Mali,1240192.0
Mali,1240192.0
Mali,1240192.0
Mali,1240192.0
Mali,1240192.0
Mali,1240192.0
Mali,1240192.0
Mali,1240192.0
Malta,316.0
Malta,316.0
Malta,316.0
Malta,316.0
Malta,316.0
Malta,316.0
Malta,316.0
Malta,316.0
Malta,316.0
Malta,316.0
Malta,316.0
Malta,316.0
Malta,316.0
Malta,316.0
Malta,316.0
Malta,316.0
Malta,316.0
Malta,316.0
Malta,316.0
Malta,316.0
Malta,316.0
Mauritania,1030700.0
Mauritania,1030700.0
Mauritania,1030700.0
Mauritania,1030700.0
Mauritania,1030700.0
Mauritania,1030700.0
Mauritania,1030700.0
Mauritania,1030700.0
Mauritania,1030700.0
Mauritania,1030700.0
Mauritania,1030700.0
Mauritania,1030700.0
Mauritania,1030700.0
Mauritania,1030700.0
Mauritania,1030700.0
Mauritania,1030700.0
Mauritania,1030700.0
Mauritania,1030700.0
Mauritania,1030700.0
Mauritania,1030700.0
Mauritania,1030700.0
Mauritius,2040.0
Mauritius,2040.0
Mauritius,2040.0
Mauritius,2040.0
Mauritius,2040.0
Mauritius,2040.0
Mauritius,2040.0
Mauritius,2040.0
Mauritius,2040.0
Mauritius,2040.0
Mauritius,2040.0
Mauritius,2040.0
Mauritius,2040.0
Mauritius,2040.0
Mauritius,2040.0
Mauritius,2040.0
Mauritius,2040.0
Mauritius,2040.0
Mauritius,2040.0
Mauritius,2040.0
Mauritius,2040.0
Mexico,1964375.0
Mexico,1964375.0
Mexico,1964375.0
Mexico,1964375.0
Mexico,1964375.0
Mexico,1964375.0
Mexico,1964375.0
Mexico,1964375.0
Mexico,1964375.0
Mexico,1964375.0
Mexico,1964375.0
Mexico,1964375.0
Mexico,1964375.0
Mexico,1964375.0
Mexico,1964375.0
Mexico,1964375.0
Mexico,1964375.0
Mexico,1964375.0
Mexico,1964375.0
Mexico,1964375.0
Mexico,1964375.0
Mongolia,1564116.0
Mongolia,1564116.0
Mongolia,1564116.0
Mongolia,1564116.0
Mongolia,1564116.0
Mongolia,1564116.0
Mongolia,1564116.0
Mongolia,1564116.0
Mongolia,1564116.0
Mongolia,1564116.0
Mongolia,1564116.0
Mongolia,1564116.0
Mongolia,1564116.0
Mongolia,1564116.0
Mongolia,1564116.0
Mongolia,1564116.0
Mongolia,1564116.0
Mongolia,1564116.0
Mongolia,1564116.0
Mongolia,1564116.0
Mongolia,1564116.0
Montenegro,13812.0
Montenegro,13812.0
Montenegro,13812.0
Montenegro,13812.0
Montenegro,13812.0
Montenegro,13812.0
Montenegro,13812.0
Montenegro,13812.0
Montenegro,13812.0
Montenegro,13812.0
Montenegro,13812.0
Montenegro,13812.0
Montenegro,13812.0
Montenegro,13812.0
Morocco,446550.0
Morocco,446550.0
Morocco,446550.0
Morocco,446550.0
Morocco,446550.0
Morocco,446550.0
Morocco,446550.0
Morocco,446550.0
Morocco,446550.0
Morocco,446550.0
Morocco,446550.0
Morocco,446550.0
Morocco,446550.0
Morocco,446550.0
Morocco,446550.0
Morocco,446550.0
Morocco,446550.0
Morocco,446550.0
Morocco,446550.0
Morocco,446550.0
Morocco,446550.0
Mozambique,799380.0
Mozambique,799380.0
Mozambique,799380.0
Mozambique,799380.0
Mozambique,799380.0
Mozambique,799380.0
Mozambique,799380.0
Mozambique,799380.0
Mozambique,799380.0
Mozambique,799380.0
Mozambique,799380.0
Mozambique,799380.0
Mozambique,799380.0
Mozambique,799380.0
Mozambique,799380.0
Mozambique,799380.0
Mozambique,799380.0
Mozambique,799380.0
Mozambique,799380.0
Mozambique,799380.0
Mozambique,799380.0
Myanmar,676578.0
Myanmar,676578.0
Myanmar,676578.0
Myanmar,676578.0
Myanmar,676578.0
Myanmar,676578.0
Myanmar,676578.0
Myanmar,676578.0
Myanmar,676578.0
Myanmar,676578.0
Myanmar,676578.0
Myanmar,676578.0
Myanmar,676578.0
Myanmar,676578.0
Myanmar,676578.0
Myanmar,676578.0
Myanmar,676578.0
Myanmar,676578.0
Myanmar,676578.0
Myanmar,676578.0
Myanmar,676578.0
Namibia,824292.0
Namibia,824292.0
Namibia,824292.0
Namibia,824292.0
Namibia,824292.0
Namibia,824292.0
Namibia,824292.0
Namibia,824292.0
Namibia,824292.0
Namibia,824292.0
Namibia,824292.0
Namibia,824292.0
Namibia,824292.0
Namibia,824292.0
Namibia,824292.0
Namibia,824292.0
Namibia,824292.0
Namibia,824292.0
Namibia,824292.0
Namibia,824292.0
Namibia,824292.0
Nauru,21.0
Nauru,21.0
Nauru,21.0
Nauru,21.0
Nauru,21.0
Nauru,21.0
Nauru,21.0
Nauru,21.0
Nauru,21.0
Nauru,21.0
Nauru,21.0
Nauru,21.0
Nauru,21.0
Nauru,21.0
Nauru,21.0
Nauru,21.0
Nauru,21.0
Nauru,21.0
Nauru,21.0
Nauru,21.0
Nauru,21.0
Nepal,147181.0
Nepal,147181.0
Nepal,147181.0
Nepal,147181.0
Nepal,147181.0
Nepal,147181.0
Nepal,147181.0
Nepal,147181.0
Nepal,147181.0
Nepal,147181.0
Nepal,147181.0
Nepal,147181.0
Nepal,147181.0
Nepal,147181.0
Nepal,147181.0
Nepal,147181.0
Nepal,147181.0
Nepal,147181.0
Nepal,147181.0
Nepal,147181.0
Nepal,147181.0
Netherlands,41543.0
Netherlands,41543.0
Netherlands,41543.0
Netherlands,41543.0
Netherlands,41543.0
Netherlands,41543.0
Netherlands,41543.0
Netherlands,41543.0
Netherlands,41543.0
Netherlands,41543.0
Netherlands,41543.0
Netherlands,41543.0
Netherlands,41543.0
Netherlands,41543.0
Netherlands,41543.0
Netherlands,41543.0
Netherlands,41543.0
Netherlands,41543.0
Netherlands,41543.0
Netherlands,41543.0
Netherlands,41543.0
New Caledonia,19060.0
New Caledonia,19060.0
New Caledonia,19060.0
New Caledonia,19060.0
New Caledonia,19060.0
New Caledonia,19060.0
New Caledonia,19060.0
New Caledonia,19060.0
New Caledonia,19060.0
New Caledonia,19060.0
New Caledonia,19060.0
New Caledonia,19060.0
New Caledonia,19060.0
New Caledonia,19060.0
New Caledonia,19060.0
New Caledonia,19060.0
New Caledonia,19060.0
New Caledonia,19060.0
New Caledonia,19060.0
New Caledonia,19060.0
New Caledonia,19060.0
New Zealand,268838.0
New Zealand,268838.0
New Zealand,268838.0
New Zealand,268838.0
New Zealand,268838.0
New Zealand,268838.0
New Zealand,268838.0
New Zealand,268838.0
New Zealand,268838.0
New Zealand,268838.0
New Zealand,268838.0
New Zealand,268838.0
New Zealand,268838.0
New Zealand,268838.0
New Zealand,268838.0
New Zealand,268838.0
New Zealand,268838.0
New Zealand,268838.0
New Zealand,268838.0
New Zealand,268838.0
New Zealand,268838.0
Nicaragua,130370.0
Nicaragua,130370.0
Nicaragua,130370.0
Nicaragua,130370.0
Nicaragua,130370.0
Nicaragua,130370.0
Nicaragua,130370.0
Nicaragua,130370.0
Nicaragua,130370.0
Nicaragua,130370.0
Nicaragua,130370.0
Nicaragua,130370.0
Nicaragua,130370.0
Nicaragua,130370.0
Nicaragua,130370.0
Nicaragua,130370.0
Nicaragua,130370.0
Nicaragua,130370.0
Nicaragua,130370.0
Nicaragua,130370.0
Nicaragua,130370.0
Niger,1267000.0
Niger,1267000.0
Niger,1267000.0
Niger,1267000.0
Niger,1267000.0
Niger,1267000.0
Niger,1267000.0
Niger,1267000.0
Niger,1267000.0
Niger,1267000.0
Niger,1267000.0
Niger,1267000.0
Niger,1267000.0
Niger,1267000.0
Niger,1267000.0
Niger,1267000.0
Niger,1267000.0
Niger,1267000.0
Niger,1267000.0
Niger,1267000.0
Niger,1267000.0
Nigeria,923768.0
Nigeria,923768.0
Nigeria,923768.0
Nigeria,923768.0
Nigeria,923768.0
Nigeria,923768.0
Nigeria,923768.0
Nigeria,923768.0
Nigeria,923768.0
Nigeria,923768.0
Nigeria,923768.0
Nigeria,923768.0
Nigeria,923768.0
Nigeria,923768.0
Nigeria,923768.0
Nigeria,923768.0
Nigeria,923768.0
Nigeria,923768.0
Nigeria,923768.0
Nigeria,923768.0
Nigeria,923768.0
North Macedonia,25713.0
North Macedonia,25713.0
North Macedonia,25713.0
North Macedonia,25713.0
North Macedonia,25713.0
North Macedonia,25713.0
North Macedonia,25713.0
North Macedonia,25713.0
North Macedonia,25713.0
North Macedonia,25713.0
North Macedonia,25713.0
North Macedonia,25713.0
North Macedonia,25713.0
North Macedonia,25713.0
North Macedonia,25713.0
North Macedonia,25713.0
North Macedonia,25713.0
North Macedonia,25713.0
North Macedonia,25713.0
North Macedonia,25713.0
North Macedonia,25713.0
Norway,323802.0
Norway,323802.0
Norway,323802.0
Norway,323802.0
Norway,323802.0
Norway,323802.0
Norway,323802.0
Norway,323802.0
Norway,323802.0
Norway,323802.0
Norway,323802.0
Norway,323802.0
Norway,323802.0
Norway,323802.0
Norway,323802.0
Norway,323802.0
Norway,323802.0
Norway,323802.0
Norway,323802.0
Norway,323802.0
Norway,323802.0
Oman,309500.0
Oman,309500.0
Oman,309500.0
Oman,309500.0
Oman,309500.0
Oman,309500.0
Oman,309500.0
Oman,309500.0
Oman,309500.0
Oman,309500.0
Oman,309500.0
Oman,309500.0
Oman,309500.0
Oman,309500.0
Oman,309500.0
Oman,309500.0
Oman,309500.0
Oman,309500.0
Oman,309500.0
Oman,309500.0
Oman,309500.0
Pakistan,796095.0
Pakistan,796095.0
Pakistan,796095.0
Pakistan,796095.0
Pakistan,796095.0
Pakistan,796095.0
Pakistan,796095.0
Pakistan,796095.0
Pakistan,796095.0
Pakistan,796095.0
Pakistan,796095.0
Pakistan,796095.0
Pakistan,796095.0
Pakistan,796095.0
Pakistan,796095.0
Pakistan,796095.0
Pakistan,796095.0
Pakistan,796095.0
Pakistan,796095.0
Pakistan,796095.0
Pakistan,796095.0
Panama,75420.0
Panama,75420.0
Panama,75420.0
Panama,75420.0
Panama,75420.0
Panama,75420.0
Panama,75420.0
Panama,75420.0
Panama,75420.0
Panama,75420.0
Panama,75420.0
Panama,75420.0
Panama,75420.0
Panama,75420.0
Panama,75420.0
Panama,75420.0
Panama,75420.0
Panama,75420.0
Panama,75420.0
Panama,75420.0
Panama,75420.0
Papua New Guinea,462840.0
Papua New Guinea,462840.0
Papua New Guinea,462840.0
Papua New Guinea,462840.0
Papua New Guinea,462840.0
Papua New Guinea,462840.0
Papua New Guinea,462840.0
Papua New Guinea,462840.0
Papua New Guinea,462840.0
Papua New Guinea,462840.0
Papua New Guinea,462840.0
Papua New Guinea,462840.0
Papua New Guinea,462840.0
Papua New Guinea,462840.0
Papua New Guinea,462840.0
Papua New Guinea,462840.0
Papua New Guinea,462840.0
Papua New Guinea,462840.0
Papua New Guinea,462840.0
Papua New Guinea,462840.0
Papua New Guinea,462840.0
Paraguay,406752.0
Paraguay,406752.0
Paraguay,406752.0
Paraguay,406752.0
Paraguay,406752.0
Paraguay,406752.0
Paraguay,406752.0
Paraguay,406752.0
Paraguay,406752.0
Paraguay,406752.0
Paraguay,406752.0
Paraguay,406752.0
Paraguay,406752.0
Paraguay,406752.0
Paraguay,406752.0
Paraguay,406752.0
Paraguay,406752.0
Paraguay,406752.0
Paraguay,406752.0
Paraguay,406752.0
Paraguay,406752.0
Peru,1285216.0
Peru,1285216.0
Peru,1285216.0
Peru,1285216.0
Peru,1285216.0
Peru,1285216.0
Peru,1285216.0
Peru,1285216.0
Peru,1285216.0
Peru,1285216.0
Peru,1285216.0
Peru,1285216.0
Peru,1285216.0
Peru,1285216.0
Peru,1285216.0
Peru,1285216.0
Peru,1285216.0
Peru,1285216.0
Peru,1285216.0
Peru,1285216.0
Peru,1285216.0
Philippines,300000.0
Philippines,300000.0
Philippines,300000.0
Philippines,300000.0
Philippines,300000.0
Philippines,300000.0
Philippines,300000.0
Philippines,300000.0
Philippines,300000.0
Philippines,300000.0
Philippines,300000.0
Philippines,300000.0
Philippines,300000.0
Philippines,300000.0
Philippines,300000.0
Philippines,300000.0
Philippines,300000.0
Philippines,300000.0
Philippines,300000.0
Philippines,300000.0
Philippines,300000.0
Poland,312685.0
Poland,312685.0
Poland,312685.0
Poland,312685.0
Poland,312685.0
Poland,312685.0
Poland,312685.0
Poland,312685.0
Poland,312685.0
Poland,312685.0
Poland,312685.0
Poland,312685.0
Poland,312685.0
Poland,312685.0
Poland,312685.0
Poland,312685.0
Poland,312685.0
Poland,312685.0
Poland,312685.0
Poland,312685.0
Poland,312685.0
Portugal,92212.0
Portugal,92212.0
Portugal,92212.0
Portugal,92212.0
Portugal,92212.0
Portugal,92212.0
Portugal,92212.0
Portugal,92212.0
Portugal,92212.0
Portugal,92212.0
Portugal,92212.0
Portugal,92212.0
Portugal,92212.0
Portugal,92212.0
Portugal,92212.0
Portugal,92212.0
Portugal,92212.0
Portugal,92212.0
Portugal,92212.0
Portugal,92212.0
Portugal,92212.0
Puerto Rico,9104.0
Puerto Rico,9104.0
Puerto Rico,9104.0
Puerto Rico,9104.0
Puerto Rico,9104.0
Puerto Rico,9104.0
Puerto Rico,9104.0
Puerto Rico,9104.0
Puerto Rico,9104.0
Puerto Rico,9104.0
Puerto Rico,9104.0
Puerto Rico,9104.0
Puerto Rico,9104.0
Puerto Rico,9104.0
Puerto Rico,9104.0
Puerto Rico,9104.0
Puerto Rico,9104.0
Puerto Rico,9104.0
Puerto Rico,9104.0
Puerto Rico,9104.0
Puerto Rico,9104.0
Qatar,11586.0
Qatar,11586.0
Qatar,11586.0
Qatar,11586.0
Qatar,11586.0
Qatar,11586.0
Qatar,11586.0
Qatar,11586.0
Qatar,11586.0
Qatar,11586.0
Qatar,11586.0
Qatar,11586.0
Qatar,11586.0
Qatar,11586.0
Qatar,11586.0
Qatar,11586.0
Qatar,11586.0
Qatar,11586.0
Qatar,11586.0
Qatar,11586.0
Qatar,11586.0
Romania,238391.0
Romania,238391.0
Romania,238391.0
Romania,238391.0
Romania,238391.0
Romania,238391.0
Romania,238391.0
Romania,238391.0
Romania,238391.0
Romania,238391.0
Romania,238391.0
Romania,238391.0
Romania,238391.0
Romania,238391.0
Romania,238391.0
Romania,238391.0
Romania,238391.0
Romania,238391.0
Romania,238391.0
Romania,238391.0
Romania,238391.0
Rwanda,26338.0
Rwanda,26338.0
Rwanda,26338.0
Rwanda,26338.0
Rwanda,26338.0
Rwanda,26338.0
Rwanda,26338.0
Rwanda,26338.0
Rwanda,26338.0
Rwanda,26338.0
Rwanda,26338.0
Rwanda,26338.0
Rwanda,26338.0
Rwanda,26338.0
Rwanda,26338.0
Rwanda,26338.0
Rwanda,26338.0
Rwanda,26338.0
Rwanda,26338.0
Rwanda,26338.0
Rwanda,26338.0
Saint Kitts and Nevis,261.0
Saint Kitts and Nevis,261.0
Saint Kitts and Nevis,261.0
Saint Kitts and Nevis,261.0
Saint Kitts and Nevis,261.0
Saint Kitts and Nevis,261.0
Saint Kitts and Nevis,261.0
Saint Kitts and Nevis,261.0
Saint Kitts and Nevis,261.0
Saint Kitts and Nevis,261.0
Saint Kitts and Nevis,261.0
Saint Kitts and Nevis,261.0
Saint Kitts and Nevis,261.0
Saint Kitts and Nevis,261.0
Saint Kitts and Nevis,261.0
Saint Kitts and Nevis,261.0
Saint Kitts and Nevis,261.0
Saint Kitts and Nevis,261.0
Saint Kitts and Nevis,261.0
Saint Kitts and Nevis,261.0
Saint Kitts and Nevis,261.0
Saint Lucia,616.0
Saint Lucia,616.0
Saint Lucia,616.0
Saint Lucia,616.0
Saint Lucia,616.0
Saint Lucia,616.0
Saint Lucia,616.0
Saint Lucia,616.0
Saint Lucia,616.0
Saint Lucia,616.0
Saint Lucia,616.0
Saint Lucia,616.0
Saint Lucia,616.0
Saint Lucia,616.0
Saint Lucia,616.0
Saint Lucia,616.0
Saint Lucia,616.0
Saint Lucia,616.0
Saint Lucia,616.0
Saint Lucia,616.0
Saint Lucia,616.0
Saint Vincent and the Grenadines,389.0
Saint Vincent and the Grenadines,389.0
Saint Vincent and the Grenadines,389.0
Saint Vincent and the Grenadines,389.0
Saint Vincent and the Grenadines,389.0
Saint Vincent and the Grenadines,389.0
Saint Vincent and the Grenadines,389.0
Saint Vincent and the Grenadines,389.0
Saint Vincent and the Grenadines,389.0
Saint Vincent and the Grenadines,389.0
Saint Vincent and the Grenadines,389.0
Saint Vincent and the Grenadines,389.0
Saint Vincent and the Grenadines,389.0
Saint Vincent and the Grenadines,389.0
Saint Vincent and the Grenadines,389.0
Saint Vincent and the Grenadines,389.0
Saint Vincent and the Grenadines,389.0
Saint Vincent and the Grenadines,389.0
Saint Vincent and the Grenadines,389.0
Saint Vincent and the Grenadines,389.0
Saint Vincent and the Grenadines,389.0
Samoa,2831.0
Samoa,2831.0
Samoa,2831.0
Samoa,2831.0
Samoa,2831.0
Samoa,2831.0
Samoa,2831.0
Samoa,2831.0
Samoa,2831.0
Samoa,2831.0
Samoa,2831.0
Samoa,2831.0
Samoa,2831.0
Samoa,2831.0
Samoa,2831.0
Samoa,2831.0
Samoa,2831.0
Samoa,2831.0
Samoa,2831.0
Samoa,2831.0
Samoa,2831.0
Sao Tome and Principe,836.0
Sao Tome and Principe,836.0
Sao Tome and Principe,836.0
Sao Tome and Principe,836.0
Sao Tome and Principe,836.0
Sao Tome and Principe,836.0
Sao Tome and Principe,836.0
Sao Tome and Principe,836.0
Sao Tome and Principe,836.0
Sao Tome and Principe,836.0
Sao Tome and Principe,836.0
Sao Tome and Principe,836.0
Sao Tome and Principe,836.0
Sao Tome and Principe,836.0
Sao Tome and Principe,836.0
Sao Tome and Principe,836.0
Sao Tome and Principe,836.0
Sao Tome and Principe,836.0
Sao Tome and Principe,836.0
Sao Tome and Principe,836.0
Sao Tome and Principe,836.0
Saudi Arabia,2149690.0
Saudi Arabia,2149690.0
Saudi Arabia,2149690.0
Saudi Arabia,2149690.0
Saudi Arabia,2149690.0
Saudi Arabia,2149690.0
Saudi Arabia,2149690.0
Saudi Arabia,2149690.0
Saudi Arabia,2149690.0
Saudi Arabia,2149690.0
Saudi Arabia,2149690.0
Saudi Arabia,2149690.0
Saudi Arabia,2149690.0
Saudi Arabia,2149690.0
Saudi Arabia,2149690.0
Saudi Arabia,2149690.0
Saudi Arabia,2149690.0
Saudi Arabia,2149690.0
Saudi Arabia,2149690.0
Saudi Arabia,2149690.0
Saudi Arabia,2149690.0
Senegal,196722.0
Senegal,196722.0
Senegal,196722.0
Senegal,196722.0
Senegal,196722.0
Senegal,196722.0
Senegal,196722.0
Senegal,196722.0
Senegal,196722.0
Senegal,196722.0
Senegal,196722.0
Senegal,196722.0
Senegal,196722.0
Senegal,196722.0
Senegal,196722.0
Senegal,196722.0
Senegal,196722.0
Senegal,196722.0
Senegal,196722.0
Senegal,196722.0
Senegal,196722.0
Serbia,77474.0
Serbia,77474.0
Serbia,77474.0
Serbia,77474.0
Serbia,77474.0
Serbia,77474.0
Serbia,77474.0
Serbia,77474.0
Serbia,77474.0
Serbia,77474.0
Serbia,77474.0
Serbia,77474.0
Serbia,77474.0
Serbia,77474.0
Seychelles,455.0
Seychelles,455.0
Seychelles,455.0
Seychelles,455.0
Seychelles,455.0
Seychelles,455.0
Seychelles,455.0
Seychelles,455.0
Seychelles,455.0
Seychelles,455.0
Seychelles,455.0
Seychelles,455.0
Seychelles,455.0
Seychelles,455.0
Seychelles,455.0
Seychelles,455.0
Seychelles,455.0
Seychelles,455.0
Seychelles,455.0
Seychelles,455.0
Seychelles,455.0
Sierra Leone,71740.0
Sierra Leone,71740.0
Sierra Leone,71740.0
Sierra Leone,71740.0
Sierra Leone,71740.0
Sierra Leone,71740.0
Sierra Leone,71740.0
Sierra Leone,71740.0
Sierra Leone,71740.0
Sierra Leone,71740.0
Sierra Leone,71740.0
Sierra Leone,71740.0
Sierra Leone,71740.0
Sierra Leone,71740.0
Sierra Leone,71740.0
Sierra Leone,71740.0
Sierra Leone,71740.0
Sierra Leone,71740.0
Sierra Leone,71740.0
Sierra Leone,71740.0
Sierra Leone,71740.0
Singapore,716.0
Singapore,716.0
Singapore,716.0
Singapore,716.0
Singapore,716.0
Singapore,716.0
Singapore,716.0
Singapore,716.0
Singapore,716.0
Singapore,716.0
Singapore,716.0
Singapore,716.0
Singapore,716.0
Singapore,716.0
Singapore,716.0
Singapore,716.0
Singapore,716.0
Singapore,716.0
Singapore,716.0
Singapore,716.0
Singapore,716.0
Slovakia,49035.0
Slovakia,49035.0
Slovakia,49035.0
Slovakia,49035.0
Slovakia,49035.0
Slovakia,49035.0
Slovakia,49035.0
Slovakia,49035.0
Slovakia,49035.0
Slovakia,49035.0
Slovakia,49035.0
Slovakia,49035.0
Slovakia,49035.0
Slovakia,49035.0
Slovakia,49035.0
Slovakia,49035.0
Slovakia,49035.0
Slovakia,49035.0
Slovakia,49035.0
Slovakia,49035.0
Slovakia,49035.0
Slovenia,20273.0
Slovenia,20273.0
Slovenia,20273.0
Slovenia,20273.0
Slovenia,20273.0
Slovenia,20273.0
Slovenia,20273.0
Slovenia,20273.0
Slovenia,20273.0
Slovenia,20273.0
Slovenia,20273.0
Slovenia,20273.0
Slovenia,20273.0
Slovenia,20273.0
Slovenia,20273.0
Slovenia,20273.0
Slovenia,20273.0
Slovenia,20273.0
Slovenia,20273.0
Slovenia,20273.0
Slovenia,20273.0
Solomon Islands,28896.0
Solomon Islands,28896.0
Solomon Islands,28896.0
Solomon Islands,28896.0
Solomon Islands,28896.0
Solomon Islands,28896.0
Solomon Islands,28896.0
Solomon Islands,28896.0
Solomon Islands,28896.0
Solomon Islands,28896.0
Solomon Islands,28896.0
Solomon Islands,28896.0
Solomon Islands,28896.0
Solomon Islands,28896.0
Solomon Islands,28896.0
Solomon Islands,28896.0
Solomon Islands,28896.0
Solomon Islands,28896.0
Solomon Islands,28896.0
Solomon Islands,28896.0
Solomon Islands,28896.0
Somalia,637657.0
Somalia,637657.0
Somalia,637657.0
Somalia,637657.0
Somalia,637657.0
Somalia,637657.0
Somalia,637657.0
Somalia,637657.0
Somalia,637657.0
Somalia,637657.0
Somalia,637657.0
Somalia,637657.0
Somalia,637657.0
Somalia,637657.0
Somalia,637657.0
Somalia,637657.0
Somalia,637657.0
Somalia,637657.0
Somalia,637657.0
Somalia,637657.0
Somalia,637657.0
South Africa,1219090.0
South Africa,1219090.0
South Africa,1219090.0
South Africa,1219090.0
South Africa,1219090.0
South Africa,1219090.0
South Africa,1219090.0
South Africa,1219090.0
South Africa,1219090.0
South Africa,1219090.0
South Africa,1219090.0
South Africa,1219090.0
South Africa,1219090.0
South Africa,1219090.0
South Africa,1219090.0
South Africa,1219090.0
South Africa,1219090.0
South Africa,1219090.0
South Africa,1219090.0
South Africa,1219090.0
South Africa,1219090.0
South Sudan,644329.0
South Sudan,644329.0
South Sudan,644329.0
South Sudan,644329.0
South Sudan,644329.0
South Sudan,644329.0
South Sudan,644329.0
South Sudan,644329.0
Spain,505370.0
Spain,505370.0
Spain,505370.0
Spain,505370.0
Spain,505370.0
Spain,505370.0
Spain,505370.0
Spain,505370.0
Spain,505370.0
Spain,505370.0
Spain,505370.0
Spain,505370.0
Spain,505370.0
Spain,505370.0
Spain,505370.0
Spain,505370.0
Spain,505370.0
Spain,505370.0
Spain,505370.0
Spain,505370.0
Spain,505370.0
Sri Lanka,65610.0
Sri Lanka,65610.0
Sri Lanka,65610.0
Sri Lanka,65610.0
Sri Lanka,65610.0
Sri Lanka,65610.0
Sri Lanka,65610.0
Sri Lanka,65610.0
Sri Lanka,65610.0
Sri Lanka,65610.0
Sri Lanka,65610.0
Sri Lanka,65610.0
Sri Lanka,65610.0
Sri Lanka,65610.0
Sri Lanka,65610.0
Sri Lanka,65610.0
Sri Lanka,65610.0
Sri Lanka,65610.0
Sri Lanka,65610.0
Sri Lanka,65610.0
Sri Lanka,65610.0
Sudan,1861484.0
Sudan,1861484.0
Sudan,1861484.0
Sudan,1861484.0
Sudan,1861484.0
Sudan,1861484.0
Sudan,1861484.0
Sudan,1861484.0
Sudan,1861484.0
Sudan,1861484.0
Sudan,1861484.0
Sudan,1861484.0
Sudan,1861484.0
Sudan,1861484.0
Sudan,1861484.0
Sudan,1861484.0
Sudan,1861484.0
Sudan,1861484.0
Sudan,1861484.0
Sudan,1861484.0
Sudan,1861484.0
Suriname,163820.0
Suriname,163820.0
Suriname,163820.0
Suriname,163820.0
Suriname,163820.0
Suriname,163820.0
Suriname,163820.0
Suriname,163820.0
Suriname,163820.0
Suriname,163820.0
Suriname,163820.0
Suriname,163820.0
Suriname,163820.0
Suriname,163820.0
Suriname,163820.0
Suriname,163820.0
Suriname,163820.0
Suriname,163820.0
Suriname,163820.0
Suriname,163820.0
Suriname,163820.0
Sweden,450295.0
Sweden,450295.0
Sweden,450295.0
Sweden,450295.0
Sweden,450295.0
Sweden,450295.0
Sweden,450295.0
Sweden,450295.0
Sweden,450295.0
Sweden,450295.0
Sweden,450295.0
Sweden,450295.0
Sweden,450295.0
Sweden,450295.0
Sweden,450295.0
Sweden,450295.0
Sweden,450295.0
Sweden,450295.0
Sweden,450295.0
Sweden,450295.0
Sweden,450295.0
Switzerland,41277.0
Switzerland,41277.0
Switzerland,41277.0
Switzerland,41277.0
Switzerland,41277.0
Switzerland,41277.0
Switzerland,41277.0
Switzerland,41277.0
Switzerland,41277.0
Switzerland,41277.0
Switzerland,41277.0
Switzerland,41277.0
Switzerland,41277.0
Switzerland,41277.0
Switzerland,41277.0
Switzerland,41277.0
Switzerland,41277.0
Switzerland,41277.0
Switzerland,41277.0
Switzerland,41277.0
Switzerland,41277.0
Tajikistan,144100.0
Tajikistan,144100.0
Tajikistan,144100.0
Tajikistan,144100.0
Tajikistan,144100.0
Tajikistan,144100.0
Tajikistan,144100.0
Tajikistan,144100.0
Tajikistan,144100.0
Tajikistan,144100.0
Tajikistan,144100.0
Tajikistan,144100.0
Tajikistan,144100.0
Tajikistan,144100.0
Tajikistan,144100.0
Tajikistan,144100.0
Tajikistan,144100.0
Tajikistan,144100.0
Tajikistan,144100.0
Tajikistan,144100.0
Tajikistan,144100.0
Thailand,513120.0
Thailand,513120.0
Thailand,513120.0
Thailand,513120.0
Thailand,513120.0
Thailand,513120.0
Thailand,513120.0
Thailand,513120.0
Thailand,513120.0
Thailand,513120.0
Thailand,513120.0
Thailand,513120.0
Thailand,513120.0
Thailand,513120.0
Thailand,513120.0
Thailand,513120.0
Thailand,513120.0
Thailand,513120.0
Thailand,513120.0
Thailand,513120.0
Thailand,513120.0
Togo,56785.0
Togo,56785.0
Togo,56785.0
Togo,56785.0
Togo,56785.0
Togo,56785.0
Togo,56785.0
Togo,56785.0
Togo,56785.0
Togo,56785.0
Togo,56785.0
Togo,56785.0
Togo,56785.0
Togo,56785.0
Togo,56785.0
Togo,56785.0
Togo,56785.0
Togo,56785.0
Togo,56785.0
Togo,56785.0
Togo,56785.0
Tonga,747.0
Tonga,747.0
Tonga,747.0
Tonga,747.0
Tonga,747.0
Tonga,747.0
Tonga,747.0
Tonga,747.0
Tonga,747.0
Tonga,747.0
Tonga,747.0
Tonga,747.0
Tonga,747.0
Tonga,747.0
Tonga,747.0
Tonga,747.0
Tonga,747.0
Tonga,747.0
Tonga,747.0
Tonga,747.0
Tonga,747.0
Trinidad and Tobago,5128.0
Trinidad and Tobago,5128.0
Trinidad and Tobago,5128.0
Trinidad and Tobago,5128.0
Trinidad and Tobago,5128.0
Trinidad and Tobago,5128.0
Trinidad and Tobago,5128.0
Trinidad and Tobago,5128.0
Trinidad and Tobago,5128.0
Trinidad and Tobago,5128.0
Trinidad and Tobago,5128.0
Trinidad and Tobago,5128.0
Trinidad and Tobago,5128.0
Trinidad and Tobago,5128.0
Trinidad and Tobago,5128.0
Trinidad and Tobago,5128.0
Trinidad and Tobago,5128.0
Trinidad and Tobago,5128.0
Trinidad and Tobago,5128.0
Trinidad and Tobago,5128.0
Trinidad and Tobago,5128.0
Tunisia,163610.0
Tunisia,163610.0
Tunisia,163610.0
Tunisia,163610.0
Tunisia,163610.0
Tunisia,163610.0
Tunisia,163610.0
Tunisia,163610.0
Tunisia,163610.0
Tunisia,163610.0
Tunisia,163610.0
Tunisia,163610.0
Tunisia,163610.0
Tunisia,163610.0
Tunisia,163610.0
Tunisia,163610.0
Tunisia,163610.0
Tunisia,163610.0
Tunisia,163610.0
Tunisia,163610.0
Tunisia,163610.0
Turkey,783562.0
Turkey,783562.0
Turkey,783562.0
Turkey,783562.0
Turkey,783562.0
Turkey,783562.0
Turkey,783562.0
Turkey,783562.0
Turkey,783562.0
Turkey,783562.0
Turkey,783562.0
Turkey,783562.0
Turkey,783562.0
Turkey,783562.0
Turkey,783562.0
Turkey,783562.0
Turkey,783562.0
Turkey,783562.0
Turkey,783562.0
Turkey,783562.0
Turkey,783562.0
Turkmenistan,488100.0
Turkmenistan,488100.0
Turkmenistan,488100.0
Turkmenistan,488100.0
Turkmenistan,488100.0
Turkmenistan,488100.0
Turkmenistan,488100.0
Turkmenistan,488100.0
Turkmenistan,488100.0
Turkmenistan,488100.0
Turkmenistan,488100.0
Turkmenistan,488100.0
Turkmenistan,488100.0
Turkmenistan,488100.0
Turkmenistan,488100.0
Turkmenistan,488100.0
Turkmenistan,488100.0
Turkmenistan,488100.0
Turkmenistan,488100.0
Turkmenistan,488100.0
Turkmenistan,488100.0
Tuvalu,26.0
Tuvalu,26.0
Tuvalu,26.0
Tuvalu,26.0
Tuvalu,26.0
Tuvalu,26.0
Tuvalu,26.0
Tuvalu,26.0
Tuvalu,26.0
Tuvalu,26.0
Tuvalu,26.0
Tuvalu,26.0
Tuvalu,26.0
Tuvalu,26.0
Tuvalu,26.0
Tuvalu,26.0
Tuvalu,26.0
Tuvalu,26.0
Tuvalu,26.0
Tuvalu,26.0
Tuvalu,26.0
Uganda,241038.0
Uganda,241038.0
Uganda,241038.0
Uganda,241038.0
Uganda,241038.0
Uganda,241038.0
Uganda,241038.0
Uganda,241038.0
Uganda,241038.0
Uganda,241038.0
Uganda,241038.0
Uganda,241038.0
Uganda,241038.0
Uganda,241038.0
Uganda,241038.0
Uganda,241038.0
Uganda,241038.0
Uganda,241038.0
Uganda,241038.0
Uganda,241038.0
Uganda,241038.0
Ukraine,603550.0
Ukraine,603550.0
Ukraine,603550.0
Ukraine,603550.0
Ukraine,603550.0
Ukraine,603550.0
Ukraine,603550.0
Ukraine,603550.0
Ukraine,603550.0
Ukraine,603550.0
Ukraine,603550.0
Ukraine,603550.0
Ukraine,603550.0
Ukraine,603550.0
Ukraine,603550.0
Ukraine,603550.0
Ukraine,603550.0
Ukraine,603550.0
Ukraine,603550.0
Ukraine,603550.0
Ukraine,603550.0
United Arab Emirates,83600.0
United Arab Emirates,83600.0
United Arab Emirates,83600.0
United Arab Emirates,83600.0
United Arab Emirates,83600.0
United Arab Emirates,83600.0
United Arab Emirates,83600.0
United Arab Emirates,83600.0
United Arab Emirates,83600.0
United Arab Emirates,83600.0
United Arab Emirates,83600.0
United Arab Emirates,83600.0
United Arab Emirates,83600.0
United Arab Emirates,83600.0
United Arab Emirates,83600.0
United Arab Emirates,83600.0
United Arab Emirates,83600.0
United Arab Emirates,83600.0
United Arab Emirates,83600.0
United Arab Emirates,83600.0
United Arab Emirates,83600.0
United Kingdom,243610.0
United Kingdom,243610.0
United Kingdom,243610.0
United Kingdom,243610.0
United Kingdom,243610.0
United Kingdom,243610.0
United Kingdom,243610.0
United Kingdom,243610.0
United Kingdom,243610.0
United Kingdom,243610.0
United Kingdom,243610.0
United Kingdom,243610.0
United Kingdom,243610.0
United Kingdom,243610.0
United Kingdom,243610.0
United Kingdom,243610.0
United Kingdom,243610.0
United Kingdom,243610.0
United Kingdom,243610.0
United Kingdom,243610.0
United Kingdom,243610.0
United States,9833517.0
United States,9833517.0
United States,9833517.0
United States,9833517.0
United States,9833517.0
United States,9833517.0
United States,9833517.0
United States,9833517.0
United States,9833517.0
United States,9833517.0
United States,9833517.0
United States,9833517.0
United States,9833517.0
United States,9833517.0
United States,9833517.0
United States,9833517.0
United States,9833517.0
United States,9833517.0
United States,9833517.0
United States,9833517.0
United States,9833517.0
Uruguay,176215.0
Uruguay,176215.0
Uruguay,176215.0
Uruguay,176215.0
Uruguay,176215.0
Uruguay,176215.0
Uruguay,176215.0
Uruguay,176215.0
Uruguay,176215.0
Uruguay,176215.0
Uruguay,176215.0
Uruguay,176215.0
Uruguay,176215.0
Uruguay,176215.0
Uruguay,176215.0
Uruguay,176215.0
Uruguay,176215.0
Uruguay,176215.0
Uruguay,176215.0
Uruguay,176215.0
Uruguay,176215.0
Uzbekistan,447400.0
Uzbekistan,447400.0
Uzbekistan,447400.0
Uzbekistan,447400.0
Uzbekistan,447400.0
Uzbekistan,447400.0
Uzbekistan,447400.0
Uzbekistan,447400.0
Uzbekistan,447400.0
Uzbekistan,447400.0
Uzbekistan,447400.0
Uzbekistan,447400.0
Uzbekistan,447400.0
Uzbekistan,447400.0
Uzbekistan,447400.0
Uzbekistan,447400.0
Uzbekistan,447400.0
Uzbekistan,447400.0
Uzbekistan,447400.0
Uzbekistan,447400.0
Uzbekistan,447400.0
Vanuatu,12189.0
Vanuatu,12189.0
Vanuatu,12189.0
Vanuatu,12189.0
Vanuatu,12189.0
Vanuatu,12189.0
Vanuatu,12189.0
Vanuatu,12189.0
Vanuatu,12189.0
Vanuatu,12189.0
Vanuatu,12189.0
Vanuatu,12189.0
Vanuatu,12189.0
Vanuatu,12189.0
Vanuatu,12189.0
Vanuatu,12189.0
Vanuatu,12189.0
Vanuatu,12189.0
Vanuatu,12189.0
Vanuatu,12189.0
Vanuatu,12189.0
Yemen,527968.0
Yemen,527968.0
Yemen,527968.0
Yemen,527968.0
Yemen,527968.0
Yemen,527968.0
Yemen,527968.0
Yemen,527968.0
Yemen,527968.0
Yemen,527968.0
Yemen,527968.0
Yemen,527968.0
Yemen,527968.0
Yemen,527968.0
Yemen,527968.0
Yemen,527968.0
Yemen,527968.0
Yemen,527968.0
Yemen,527968.0
Yemen,527968.0
Yemen,527968.0
Zambia,752618.0
Zambia,752618.0
Zambia,752618.0
Zambia,752618.0
Zambia,752618.0
Zambia,752618.0
Zambia,752618.0
Zambia,752618.0
Zambia,752618.0
Zambia,752618.0
Zambia,752618.0
Zambia,752618.0
Zambia,752618.0
Zambia,752618.0
Zambia,752618.0
Zambia,752618.0
Zambia,752618.0
Zambia,752618.0
Zambia,752618.0
Zambia,752618.0
Zambia,752618.0
Zimbabwe,390757.0
Zimbabwe,390757.0
Zimbabwe,390757.0
Zimbabwe,390757.0
Zimbabwe,390757.0
Zimbabwe,390757.0
Zimbabwe,390757.0
Zimbabwe,390757.0
Zimbabwe,390757.0
Zimbabwe,390757.0
Zimbabwe,390757.0
Zimbabwe,390757.0
Zimbabwe,390757.0
Zimbabwe,390757.0
Zimbabwe,390757.0
Zimbabwe,390757.0
Zimbabwe,390757.0
Zimbabwe,390757.0
Zimbabwe,390757.0
Zimbabwe,390757.0
Zimbabwe,390757.0
